position,team_position,matches,meanFinalScore
1,BOTTOM,13,43.556187171368116
2,JUNGLE,14,42.68723409447796
3,TOP,15,40.79457832894756
4,MIDDLE,16,39.849077938389875
5,UTILITY,12,25.996579570353145
6,,1,19.845276705510678
